[{"country":"GHA","correspondents":[{"correspondent":"VODAFONE_GHA","operationTypes":[{"operationType":"PAYOUT","status":"OPERATIONAL"},{"operationType":"DEPOSIT","status":"OPERATIONAL"}]},{"correspondent":"BANK_GHA","operationTypes":[{"operationType":"PAYOUT","status":"OPERATIONAL"}]},{"correspondent":"MTN_MOMO_GHA","operationTypes":[{"operationType":"PAYOUT","status":"OPERATIONAL"},{"operationType":"DEPOSIT","status":"OPERATIONAL"}]},{"correspondent":"AIRTELTIGO_GHA","operationTypes":[{"operationType":"PAYOUT","status":"OPERATIONAL"},{"operationType":"DEPOSIT","status":"OPERATIONAL"}]}]},{"country":"LSO","correspondents":[{"correspondent":"MPESA_LSO","operationTypes":[{"operationType":"PAYOUT","status":"OPERATIONAL"},{"operationType":"DEPOSIT","status":"OPERATIONAL"}]}]},{"country":"CMR","correspondents":[{"correspondent":"INTOUCH_ORANGE_CMR","operationTypes":[{"operationType":"PAYOUT","status":"OPERATIONAL"},{"operationType":"DEPOSIT","status":"OPERATIONAL"}]},{"correspondent":"MTN_MOMO_CMR","operationTypes":[{"operationType":"PAYOUT","status":"OPERATIONAL"},{"operationType":"DEPOSIT","status":"OPERATIONAL"}]},{"correspondent":"INTOUCH_MTN_MOMO_CMR","operationTypes":[{"operationType":"PAYOUT","status":"OPERATIONAL"},{"operationType":"DEPOSIT","status":"OPERATIONAL"}]},{"correspondent":"ORANGE_CMR","operationTypes":[{"operationType":"PAYOUT","status":"OPERATIONAL"},{"operationType":"DEPOSIT","status":"OPERATIONAL"}]}]},{"country":"GAB","correspondents":[{"correspondent":"AIRTEL_GAB","operationTypes":[{"operationType":"PAYOUT","status":"OPERATIONAL"},{"operationType":"DEPOSIT","status":"OPERATIONAL"}]}]},{"country":"NGA","correspondents":[{"correspondent":"CORALPAY_NGA","operationTypes":[{"operationType":"PAYOUT","status":"OPERATIONAL"},{"operationType":"DEPOSIT","status":"OPERATIONAL"}]},{"correspondent":"GT_BANK_NGA","operationTypes":[{"operationType":"PAYOUT","status":"OPERATIONAL"},{"operationType":"DEPOSIT","status":"OPERATIONAL"}]},{"correspondent":"PROVIDUS_BANK_NGA","operationTypes":[{"operationType":"PAYOUT","status":"OPERATIONAL"},{"operationType":"DEPOSIT","status":"OPERATIONAL"}]},{"correspondent":"FIRST_BANK_NGA","operationTypes":[{"operationType":"PAYOUT","status":"OPERATIONAL"},{"operationType":"DEPOSIT","status":"OPERATIONAL"}]},{"correspondent":"MONIEPOINT_NGA","operationTypes":[{"operationType":"PAYOUT","status":"OPERATIONAL"},{"operationType":"DEPOSIT","status":"OPERATIONAL"}]},{"correspondent":"WEMA_BANK_NGA","operationTypes":[{"operationType":"PAYOUT","status":"OPERATIONAL"},{"operationType":"DEPOSIT","status":"OPERATIONAL"}]},{"correspondent":"FLUTTERWAVE_NGA","operationTypes":[{"operationType":"PAYOUT","status":"OPERATIONAL"},{"operationType":"DEPOSIT","status":"OPERATIONAL"}]},{"correspondent":"PALMPAY_NGA","operationTypes":[{"operationType":"PAYOUT","status":"OPERATIONAL"},{"operationType":"DEPOSIT","status":"OPERATIONAL"}]},{"correspondent":"ZENITH_BANK_NGA","operationTypes":[{"operationType":"PAYOUT","status":"OPERATIONAL"},{"operationType":"DEPOSIT","status":"OPERATIONAL"}]},{"correspondent":"UBA_NGA","operationTypes":[{"operationType":"PAYOUT","status":"OPERATIONAL"},{"operationType":"DEPOSIT","status":"OPERATIONAL"}]},{"correspondent":"PAYSTACK_NGA","operationTypes":[{"operationType":"PAYOUT","status":"OPERATIONAL"},{"operationType":"DEPOSIT","status":"OPERATIONAL"}]},{"correspondent":"OPAY_NGA","operationTypes":[{"operationType":"PAYOUT","status":"OPERATIONAL"},{"operationType":"DEPOSIT","status":"OPERATIONAL"}]},{"correspondent":"PAGA_NGA","operationTypes":[{"operationType":"PAYOUT","status":"OPERATIONAL"},{"operationType":"DEPOSIT","status":"OPERATIONAL"}]},{"correspondent":"PARRALEX_BANK_NGA","operationTypes":[{"operationType":"PAYOUT","status":"OPERATIONAL"},{"operationType":"DEPOSIT","status":"OPERATIONAL"}]},{"correspondent":"ACCESS_BANK_NGA","operationTypes":[{"operationType":"PAYOUT","status":"OPERATIONAL"},{"operationType":"DEPOSIT","status":"OPERATIONAL"}]},{"correspondent":"AIRTEL_NGA","operationTypes":[{"operationType":"PAYOUT","status":"OPERATIONAL"},{"operationType":"DEPOSIT","status":"OPERATIONAL"}]},{"correspondent":"FIDELITY_BANK_NGA","operationTypes":[{"operationType":"PAYOUT","status":"OPERATIONAL"},{"operationType":"DEPOSIT","status":"OPERATIONAL"}]},{"correspondent":"MTN_MOMO_NGA","operationTypes":[{"operationType":"PAYOUT","status":"OPERATIONAL"},{"operationType":"DEPOSIT","status":"OPERATIONAL"}]},{"correspondent":"MONNIFY_NGA","operationTypes":[{"operationType":"PAYOUT","status":"OPERATIONAL"},{"operationType":"DEPOSIT","status":"OPERATIONAL"}]},{"correspondent":"MTN_AIRTIME_NGA","operationTypes":[{"operationType":"PAYOUT","status":"OPERATIONAL"},{"operationType":"DEPOSIT","status":"OPERATIONAL"}]}]},{"country":"BEN","correspondents":[{"correspondent":"SHARPVISION_MTN_MOMO_BEN","operationTypes":[{"operationType":"PAYOUT","status":"OPERATIONAL"},{"operationType":"DEPOSIT","status":"OPERATIONAL"}]},{"correspondent":"SHARPVISION_MOOV_BEN","operationTypes":[{"operationType":"PAYOUT","status":"OPERATIONAL"},{"operationType":"DEPOSIT","status":"OPERATIONAL"}]},{"correspondent":"MTN_MOMO_BEN","operationTypes":[{"operationType":"PAYOUT","status":"OPERATIONAL"},{"operationType":"DEPOSIT","status":"OPERATIONAL"}]},{"correspondent":"MOOV_BEN","operationTypes":[{"operationType":"PAYOUT","status":"OPERATIONAL"},{"operationType":"DEPOSIT","status":"OPERATIONAL"}]},{"correspondent":"SHARPVISION_CELTIIS_BEN","operationTypes":[{"operationType":"PAYOUT","status":"OPERATIONAL"},{"operationType":"DEPOSIT","status":"OPERATIONAL"}]}]},{"country":"MLI","correspondents":[{"correspondent":"SAMA_MLI","operationTypes":[{"operationType":"PAYOUT","status":"OPERATIONAL"},{"operationType":"DEPOSIT","status":"OPERATIONAL"}]},{"correspondent":"ORANGE_MLI","operationTypes":[{"operationType":"PAYOUT","status":"OPERATIONAL"},{"operationType":"DEPOSIT","status":"OPERATIONAL"}]}]},{"country":"SLE","correspondents":[{"correspondent":"ORANGE_SLE","operationTypes":[{"operationType":"PAYOUT","status":"OPERATIONAL"},{"operationType":"DEPOSIT","status":"OPERATIONAL"}]}]},{"country":"UGA","correspondents":[{"correspondent":"MTN_MOMO_OAPI_UGA","operationTypes":[{"operationType":"PAYOUT","status":"OPERATIONAL"},{"operationType":"DEPOSIT","status":"OPERATIONAL"}]},{"correspondent":"MTN_MOMO_UGA","operationTypes":[{"operationType":"PAYOUT","status":"OPERATIONAL"},{"operationType":"DEPOSIT","status":"OPERATIONAL"}]},{"correspondent":"AIRTEL_OAPI_UGA","operationTypes":[{"operationType":"PAYOUT","status":"OPERATIONAL"},{"operationType":"DEPOSIT","status":"OPERATIONAL"}]},{"correspondent":"AIRTEL_UGA","operationTypes":[{"operationType":"PAYOUT","status":"OPERATIONAL"},{"operationType":"DEPOSIT","status":"OPERATIONAL"}]}]},{"country":"ZMB","correspondents":[{"correspondent":"TILT_ZANACO_ZMB","operationTypes":[{"operationType":"PAYOUT","status":"OPERATIONAL"},{"operationType":"DEPOSIT","status":"OPERATIONAL"}]},{"correspondent":"ZAMTEL_ZMB","operationTypes":[{"operationType":"PAYOUT","status":"OPERATIONAL"},{"operationType":"DEPOSIT","status":"OPERATIONAL"}]},{"correspondent":"MTN_MOMO_NFS_ZMB","operationTypes":[{"operationType":"PAYOUT","status":"OPERATIONAL"},{"operationType":"DEPOSIT","status":"OPERATIONAL"}]},{"correspondent":"TILT_FNB_ZMB","operationTypes":[{"operationType":"PAYOUT","status":"OPERATIONAL"},{"operationType":"DEPOSIT","status":"OPERATIONAL"}]},{"correspondent":"TILT_STANBIC_ZMB","operationTypes":[{"operationType":"PAYOUT","status":"OPERATIONAL"},{"operationType":"DEPOSIT","status":"OPERATIONAL"}]},{"correspondent":"ZAMTEL_NFS_ZMB","operationTypes":[{"operationType":"PAYOUT","status":"OPERATIONAL"},{"operationType":"DEPOSIT","status":"OPERATIONAL"}]},{"correspondent":"NFS_ZMB","operationTypes":[{"operationType":"PAYOUT","status":"OPERATIONAL"},{"operationType":"DEPOSIT","status":"OPERATIONAL"}]},{"correspondent":"MTN_MOMO_ZMB","operationTypes":[{"operationType":"PAYOUT","status":"OPERATIONAL"},{"operationType":"DEPOSIT","status":"OPERATIONAL"}]},{"correspondent":"DIGMO_ZMB","operationTypes":[{"operationType":"PAYOUT","status":"OPERATIONAL"},{"operationType":"DEPOSIT","status":"OPERATIONAL"}]},{"correspondent":"AIRTEL_OAPI_ZMB","operationTypes":[{"operationType":"PAYOUT","status":"OPERATIONAL"},{"operationType":"DEPOSIT","status":"OPERATIONAL"}]},{"correspondent":"AIRTEL_ZMB","operationTypes":[{"operationType":"PAYOUT","status":"OPERATIONAL"},{"operationType":"DEPOSIT","status":"OPERATIONAL"}]},{"correspondent":"AIRTEL_NFS_ZMB","operationTypes":[{"operationType":"PAYOUT","status":"OPERATIONAL"},{"operationType":"DEPOSIT","status":"OPERATIONAL"}]}]},{"country":"CIV","correspondents":[{"correspondent":"MOOV_CIV","operationTypes":[{"operationType":"PAYOUT","status":"OPERATIONAL"},{"operationType":"DEPOSIT","status":"OPERATIONAL"}]},{"correspondent":"ORANGE_CIV","operationTypes":[{"operationType":"PAYOUT","status":"OPERATIONAL"},{"operationType":"DEPOSIT","status":"OPERATIONAL"}]},{"correspondent":"MTN_MOMO_CIV","operationTypes":[{"operationType":"PAYOUT","status":"OPERATIONAL"},{"operationType":"DEPOSIT","status":"OPERATIONAL"}]},{"correspondent":"WAVE_CIV","operationTypes":[{"operationType":"PAYOUT","status":"OPERATIONAL"},{"operationType":"DEPOSIT","status":"OPERATIONAL"}]}]},{"country":"KEN","correspondents":[{"correspondent":"MPESA_KEN","operationTypes":[{"operationType":"PAYOUT","status":"OPERATIONAL"},{"operationType":"DEPOSIT","status":"OPERATIONAL"}]},{"correspondent":"AIRTEL_KEN","operationTypes":[{"operationType":"PAYOUT","status":"OPERATIONAL"},{"operationType":"DEPOSIT","status":"OPERATIONAL"}]},{"correspondent":"AIRTEL_OAPI_KEN","operationTypes":[{"operationType":"PAYOUT","status":"OPERATIONAL"},{"operationType":"DEPOSIT","status":"OPERATIONAL"}]},{"correspondent":"MPESA_V2_KEN","operationTypes":[{"operationType":"PAYOUT","status":"OPERATIONAL"},{"operationType":"DEPOSIT","status":"OPERATIONAL"}]}]},{"country":"ETH","correspondents":[{"correspondent":"TELEBIRR_ETH","operationTypes":[{"operationType":"PAYOUT","status":"OPERATIONAL"},{"operationType":"DEPOSIT","status":"OPERATIONAL"}]},{"correspondent":"MPESA_ETH","operationTypes":[{"operationType":"PAYOUT","status":"OPERATIONAL"},{"operationType":"DEPOSIT","status":"OPERATIONAL"}]}]},{"country":"MOZ","correspondents":[{"correspondent":"MOVITEL_MOZ","operationTypes":[{"operationType":"PAYOUT","status":"OPERATIONAL"},{"operationType":"DEPOSIT","status":"OPERATIONAL"}]},{"correspondent":"VODACOM_MOZ","operationTypes":[{"operationType":"PAYOUT","status":"OPERATIONAL"},{"operationType":"DEPOSIT","status":"OPERATIONAL"}]},{"correspondent":"SISLOG_MOVITEL_MOZ","operationTypes":[{"operationType":"PAYOUT","status":"OPERATIONAL"},{"operationType":"DEPOSIT","status":"OPERATIONAL"}]},{"correspondent":"SISLOG_VODACOM_MOZ","operationTypes":[{"operationType":"PAYOUT","status":"OPERATIONAL"},{"operationType":"DEPOSIT","status":"OPERATIONAL"}]}]},{"country":"COD","correspondents":[{"correspondent":"VODACOM_MPESA_COD","operationTypes":[{"operationType":"PAYOUT","status":"OPERATIONAL"},{"operationType":"DEPOSIT","status":"OPERATIONAL"}]},{"correspondent":"AIRTEL_COD","operationTypes":[{"operationType":"PAYOUT","status":"OPERATIONAL"},{"operationType":"DEPOSIT","status":"OPERATIONAL"}]},{"correspondent":"ORANGE_COD","operationTypes":[{"operationType":"PAYOUT","status":"OPERATIONAL"},{"operationType":"DEPOSIT","status":"OPERATIONAL"}]}]},{"country":"TZA","correspondents":[{"correspondent":"HALOTEL_TZA","operationTypes":[{"operationType":"PAYOUT","status":"OPERATIONAL"},{"operationType":"DEPOSIT","status":"OPERATIONAL"}]},{"correspondent":"AIRTEL_TZA","operationTypes":[{"operationType":"PAYOUT","status":"OPERATIONAL"},{"operationType":"DEPOSIT","status":"OPERATIONAL"}]},{"correspondent":"VODACOM_TZA","operationTypes":[{"operationType":"PAYOUT","status":"OPERATIONAL"},{"operationType":"DEPOSIT","status":"OPERATIONAL"}]},{"correspondent":"TIGO_TZA","operationTypes":[{"operationType":"PAYOUT","status":"OPERATIONAL"},{"operationType":"DEPOSIT","status":"OPERATIONAL"}]}]},{"country":"COG","correspondents":[{"correspondent":"AIRTEL_COG","operationTypes":[{"operationType":"PAYOUT","status":"OPERATIONAL"},{"operationType":"DEPOSIT","status":"OPERATIONAL"}]},{"correspondent":"MTN_MOMO_COG","operationTypes":[{"operationType":"PAYOUT","status":"OPERATIONAL"},{"operationType":"DEPOSIT","status":"OPERATIONAL"}]}]},{"country":"BFA","correspondents":[{"correspondent":"ORANGE_BFA","operationTypes":[{"operationType":"PAYOUT","status":"OPERATIONAL"},{"operationType":"DEPOSIT","status":"OPERATIONAL"}]},{"correspondent":"MOOV_BFA","operationTypes":[{"operationType":"PAYOUT","status":"OPERATIONAL"},{"operationType":"DEPOSIT","status":"OPERATIONAL"}]}]},{"country":"TGO","correspondents":[{"correspondent":"MOOV_TGO","operationTypes":[{"operationType":"PAYOUT","status":"OPERATIONAL"},{"operationType":"DEPOSIT","status":"OPERATIONAL"}]},{"correspondent":"TOGOCOM_TGO","operationTypes":[{"operationType":"PAYOUT","status":"OPERATIONAL"},{"operationType":"DEPOSIT","status":"OPERATIONAL"}]}]},{"country":"RWA","correspondents":[{"correspondent":"AIRTEL_RWA","operationTypes":[{"operationType":"PAYOUT","status":"OPERATIONAL"},{"operationType":"DEPOSIT","status":"OPERATIONAL"}]},{"correspondent":"DIGMO_RWA","operationTypes":[{"operationType":"PAYOUT","status":"OPERATIONAL"},{"operationType":"DEPOSIT","status":"OPERATIONAL"}]},{"correspondent":"MTN_MOMO_RWA","operationTypes":[{"operationType":"PAYOUT","status":"OPERATIONAL"},{"operationType":"DEPOSIT","status":"OPERATIONAL"}]}]},{"country":"SEN","correspondents":[{"correspondent":"EXPRESSO_SEN","operationTypes":[{"operationType":"PAYOUT","status":"OPERATIONAL"},{"operationType":"DEPOSIT","status":"OPERATIONAL"}]},{"correspondent":"FREE_SEN","operationTypes":[{"operationType":"PAYOUT","status":"OPERATIONAL"},{"operationType":"DEPOSIT","status":"OPERATIONAL"}]},{"correspondent":"WAVE_SEN","operationTypes":[{"operationType":"PAYOUT","status":"OPERATIONAL"},{"operationType":"DEPOSIT","status":"OPERATIONAL"}]},{"correspondent":"ORANGE_QR_SEN","operationTypes":[{"operationType":"PAYOUT","status":"OPERATIONAL"},{"operationType":"DEPOSIT","status":"OPERATIONAL"}]},{"correspondent":"AFITECH_ORANGE_SEN","operationTypes":[{"operationType":"PAYOUT","status":"OPERATIONAL"},{"operationType":"DEPOSIT","status":"OPERATIONAL"}]},{"correspondent":"ORANGE_SEN","operationTypes":[{"operationType":"PAYOUT","status":"OPERATIONAL"},{"operationType":"DEPOSIT","status":"OPERATIONAL"}]},{"correspondent":"AFITECH_ORANGE_OTP_SEN","operationTypes":[{"operationType":"PAYOUT","status":"OPERATIONAL"},{"operationType":"DEPOSIT","status":"OPERATIONAL"}]},{"correspondent":"AFITECH_FREE_SEN","operationTypes":[{"operationType":"PAYOUT","status":"OPERATIONAL"},{"operationType":"DEPOSIT","status":"OPERATIONAL"}]},{"correspondent":"AFITECH_WAVE_SEN","operationTypes":[{"operationType":"PAYOUT","status":"OPERATIONAL"},{"operationType":"DEPOSIT","status":"OPERATIONAL"}]},{"correspondent":"AFITECH_ORANGE_QR_SEN","operationTypes":[{"operationType":"PAYOUT","status":"OPERATIONAL"},{"operationType":"DEPOSIT","status":"OPERATIONAL"}]},{"correspondent":"ORANGE_V2_SEN","operationTypes":[{"operationType":"PAYOUT","status":"OPERATIONAL"},{"operationType":"DEPOSIT","status":"OPERATIONAL"}]}]},{"country":"MWI","correspondents":[{"correspondent":"TNM_MWI","operationTypes":[{"operationType":"PAYOUT","status":"OPERATIONAL"},{"operationType":"DEPOSIT","status":"OPERATIONAL"}]},{"correspondent":"TNM_MPAMBA_MWI","operationTypes":[{"operationType":"PAYOUT","status":"OPERATIONAL"},{"operationType":"DEPOSIT","status":"OPERATIONAL"}]},{"correspondent":"AIRTEL_MWI","operationTypes":[{"operationType":"PAYOUT","status":"OPERATIONAL"},{"operationType":"DEPOSIT","status":"OPERATIONAL"}]}]}]