{
    "info": {
        "_postman_id": "c7a8b9d0-1e2f-3a4b-5c6d-7e8f9a0b1c2d",
        "name": "Jinnar LMS Training Module (Automated)",
        "description": "Collection for Jinnar Services LMS Training Module APIs with automated Token and ID capturing.",
        "schema": "https://schema.getpostman.com/json/collection/v2.1.0/collection.json"
    },
    "item": [
        {
            "name": "Auth",
            "item": [
                {
                    "name": "Signup (Student/Seller)",
                    "event": [
                        {
                            "listen": "test",
                            "script": {
                                "exec": [
                                    "var jsonData = pm.response.json();",
                                    "if (jsonData.userId) {",
                                    "    pm.collectionVariables.set(\"userId\", jsonData.userId);",
                                    "}",
                                    "if (jsonData.token) {",
                                    "    pm.collectionVariables.set(\"studentToken\", jsonData.token);",
                                    "    console.log(\"Student Token set automatically from Signup\");",
                                    "}"
                                ],
                                "type": "text/javascript"
                            }
                        }
                    ],
                    "request": {
                        "method": "POST",
                        "header": [
                            {
                                "key": "Content-Type",
                                "value": "application/json"
                            }
                        ],
                        "body": {
                            "mode": "raw",
                            "raw": "{\n    \"identifier\": \"student{{$randomInt}}@example.com\",\n    \"password\": \"password123\",\n    \"role\": \"buyer\",\n    \"name\": \"John Doe\"\n}"
                        },
                        "url": {
                            "raw": "{{baseUrl}}/api/auth/register",
                            "host": [
                                "{{baseUrl}}"
                            ],
                            "path": [
                                "api",
                                "auth",
                                "register"
                            ]
                        }
                    },
                    "response": []
                },
                {
                    "name": "Login (Student/Seller)",
                    "event": [
                        {
                            "listen": "test",
                            "script": {
                                "exec": [
                                    "var jsonData = pm.response.json();",
                                    "if (jsonData.token) {",
                                    "    pm.collectionVariables.set(\"studentToken\", jsonData.token);",
                                    "    console.log(\"Student Token set automatically\");",
                                    "}"
                                ],
                                "type": "text/javascript"
                            }
                        }
                    ],
                    "request": {
                        "method": "POST",
                        "header": [
                            {
                                "key": "Content-Type",
                                "value": "application/json"
                            }
                        ],
                        "body": {
                            "mode": "raw",
                            "raw": "{\n    \"identifier\": \"student@example.com\",\n    \"password\": \"password123\"\n}"
                        },
                        "url": {
                            "raw": "{{baseUrl}}/api/auth/login",
                            "host": [
                                "{{baseUrl}}"
                            ],
                            "path": [
                                "api",
                                "auth",
                                "login"
                            ]
                        }
                    },
                    "response": []
                },
                {
                    "name": "Admin Login",
                    "event": [
                        {
                            "listen": "test",
                            "script": {
                                "exec": [
                                    "var jsonData = pm.response.json();",
                                    "if (jsonData.token) {",
                                    "    pm.collectionVariables.set(\"adminToken\", jsonData.token);",
                                    "    console.log(\"Admin Token set automatically\");",
                                    "}"
                                ],
                                "type": "text/javascript"
                            }
                        }
                    ],
                    "request": {
                        "method": "POST",
                        "header": [
                            {
                                "key": "Content-Type",
                                "value": "application/json"
                            }
                        ],
                        "body": {
                            "mode": "raw",
                            "raw": "{\n    \"email\": \"admin@example.com\",\n    \"password\": \"password123\"\n}"
                        },
                        "url": {
                            "raw": "{{baseUrl}}/api/admin/login",
                            "host": [
                                "{{baseUrl}}"
                            ],
                            "path": [
                                "api",
                                "admin",
                                "login"
                            ]
                        }
                    },
                    "response": []
                }
            ]
        },
        {
            "name": "Admin - Course Categories",
            "item": [
                {
                    "name": "Create Course Category",
                    "event": [
                        {
                            "listen": "test",
                            "script": {
                                "exec": [
                                    "var jsonData = pm.response.json();",
                                    "// Checks for _id directly or nested in a data object",
                                    "var catId = jsonData._id || (jsonData.category && jsonData.category._id) || (jsonData.data && jsonData.data._id);",
                                    "",
                                    "if (catId) {",
                                    "    pm.collectionVariables.set(\"categoryId\", catId);",
                                    "    console.log(\"Category ID captured: \" + catId);",
                                    "}"
                                ],
                                "type": "text/javascript"
                            }
                        }
                    ],
                    "request": {
                        "method": "POST",
                        "header": [
                            {
                                "key": "Authorization",
                                "value": "Bearer {{adminToken}}"
                            },
                            {
                                "key": "Content-Type",
                                "value": "application/json"
                            }
                        ],
                        "body": {
                            "mode": "raw",
                            "raw": "{\n    \"name\": \"Web Development {{$randomInt}}\",\n    \"isActive\": true\n}"
                        },
                        "url": {
                            "raw": "{{baseUrl}}/api/admin/course-categories",
                            "host": [
                                "{{baseUrl}}"
                            ],
                            "path": [
                                "api",
                                "admin",
                                "course-categories"
                            ]
                        }
                    },
                    "response": []
                },
                {
                    "name": "Get All Course Categories",
                    "request": {
                        "method": "GET",
                        "header": [
                            {
                                "key": "Authorization",
                                "value": "Bearer {{adminToken}}"
                            }
                        ],
                        "url": {
                            "raw": "{{baseUrl}}/api/admin/course-categories",
                            "host": [
                                "{{baseUrl}}"
                            ],
                            "path": [
                                "api",
                                "admin",
                                "course-categories"
                            ]
                        }
                    },
                    "response": []
                }
            ]
        },
        {
            "name": "Admin - Course Management",
            "item": [
                {
                    "name": "Create Course",
                    "event": [
                        {
                            "listen": "test",
                            "script": {
                                "exec": [
                                    "var jsonData = pm.response.json();",
                                    "// Adjust property name based on your actual API response (e.g. jsonData._id, jsonData.course._id, etc)",
                                    "var cId = jsonData._id || (jsonData.course && jsonData.course._id) || (jsonData.data && jsonData.data._id);",
                                    "",
                                    "if (cId) {",
                                    "    pm.collectionVariables.set(\"courseId\", cId);",
                                    "    console.log(\"Course ID captured: \" + cId);",
                                    "}"
                                ],
                                "type": "text/javascript"
                            }
                        }
                    ],
                    "request": {
                        "method": "POST",
                        "header": [
                            {
                                "key": "Authorization",
                                "value": "Bearer {{adminToken}}"
                            },
                            {
                                "key": "Content-Type",
                                "value": "application/json"
                            }
                        ],
                        "body": {
                            "mode": "raw",
                            "raw": "{\n    \"title\": \"Advanced Service Training\",\n    \"description\": \"Learn how to handle premium clients.\",\n    \"detailedDescription\": \"## Full Course Breakdown\\n This course covers...\",\n    \"price\": 49.99,\n    \"category\": \"{{categoryId}}\",\n    \"level\": \"intermediate\",\n    \"requirements\": [\n        \"Basic knowledge of service industry\"\n    ],\n    \"tags\": [\n        \"service\",\n        \"premium\",\n        \"client-relations\"\n    ],\n    \"learningOutcomes\": [\n        \"Handle difficult clients\",\n        \"Upsell services\"\n    ],\n    \"syllabus\": [\n        {\n            \"title\": \"Module 1: Introduction\",\n            \"description\": \"Getting started\",\n            \"order\": 1\n        }\n    ],\n    \"thumbnail\": \"https://example.com/image.jpg\",\n    \"highlights\": [\n        \"Best Seller\",\n        \"5 Hours Video\"\n    ],\n    \"language\": \"English\"\n}"
                        },
                        "url": {
                            "raw": "{{baseUrl}}/api/admin/courses",
                            "host": [
                                "{{baseUrl}}"
                            ],
                            "path": [
                                "api",
                                "admin",
                                "courses"
                            ]
                        }
                    },
                    "response": []
                },
                {
                    "name": "Get All Courses (Admin)",
                    "request": {
                        "method": "GET",
                        "header": [
                            {
                                "key": "Authorization",
                                "value": "Bearer {{adminToken}}"
                            }
                        ],
                        "url": {
                            "raw": "{{baseUrl}}/api/admin/courses?page=1&limit=10&search=Service",
                            "host": [
                                "{{baseUrl}}"
                            ],
                            "path": [
                                "api",
                                "admin",
                                "courses"
                            ],
                            "query": [
                                {
                                    "key": "page",
                                    "value": "1"
                                },
                                {
                                    "key": "limit",
                                    "value": "10"
                                },
                                {
                                    "key": "search",
                                    "value": "Service"
                                }
                            ]
                        }
                    },
                    "response": []
                },
                {
                    "name": "Add Lecture to Course",
                    "event": [
                        {
                            "listen": "test",
                            "script": {
                                "exec": [
                                    "var jsonData = pm.response.json();",
                                    "var lId = jsonData._id || (jsonData.lecture && jsonData.lecture._id) || (jsonData.data && jsonData.data._id);",
                                    "",
                                    "if (lId) {",
                                    "    pm.collectionVariables.set(\"lectureId\", lId);",
                                    "    console.log(\"Lecture ID captured: \" + lId);",
                                    "}"
                                ],
                                "type": "text/javascript"
                            }
                        }
                    ],
                    "request": {
                        "method": "POST",
                        "header": [
                            {
                                "key": "Authorization",
                                "value": "Bearer {{adminToken}}"
                            },
                            {
                                "key": "Content-Type",
                                "value": "application/json"
                            }
                        ],
                        "body": {
                            "mode": "raw",
                            "raw": "{\n    \"title\": \"Introduction to Quality\",\n    \"videoUrl\": \"https://example.com/video.mp4\",\n    \"duration\": 300,\n    \"order\": 1,\n    \"resources\": [\n        {\n            \"title\": \"Slides PDF\",\n            \"url\": \"https://example.com/slides.pdf\"\n        }\n    ],\n    \"isPreview\": true\n}"
                        },
                        "url": {
                            "raw": "{{baseUrl}}/api/admin/courses/{{courseId}}/lectures",
                            "host": [
                                "{{baseUrl}}"
                            ],
                            "path": [
                                "api",
                                "admin",
                                "courses",
                                "{{courseId}}",
                                "lectures"
                            ]
                        }
                    },
                    "response": []
                },
                {
                    "name": "Update Course",
                    "request": {
                        "method": "PUT",
                        "header": [
                            {
                                "key": "Authorization",
                                "value": "Bearer {{adminToken}}"
                            },
                            {
                                "key": "Content-Type",
                                "value": "application/json"
                            }
                        ],
                        "body": {
                            "mode": "raw",
                            "raw": "{\n    \"title\": \"Advanced Service Training - Updated\",\n    \"isPublished\": true\n}"
                        },
                        "url": {
                            "raw": "{{baseUrl}}/api/admin/courses/{{courseId}}",
                            "host": [
                                "{{baseUrl}}"
                            ],
                            "path": [
                                "api",
                                "admin",
                                "courses",
                                "{{courseId}}"
                            ]
                        }
                    },
                    "response": []
                }
            ]
        },
        {
            "name": "Student - Training & Progress",
            "item": [
                {
                    "name": "Enroll in Course",
                    "request": {
                        "method": "POST",
                        "header": [
                            {
                                "key": "Authorization",
                                "value": "Bearer {{studentToken}}"
                            },
                            {
                                "key": "Content-Type",
                                "value": "application/json"
                            }
                        ],
                        "body": {
                            "mode": "raw",
                            "raw": "{\n    \"courseId\": \"{{courseId}}\"\n}"
                        },
                        "url": {
                            "raw": "{{baseUrl}}/api/enrollments/enroll",
                            "host": [
                                "{{baseUrl}}"
                            ],
                            "path": [
                                "api",
                                "enrollments",
                                "enroll"
                            ]
                        }
                    },
                    "response": []
                },
                {
                    "name": "My Courses",
                    "request": {
                        "method": "GET",
                        "header": [
                            {
                                "key": "Authorization",
                                "value": "Bearer {{studentToken}}"
                            }
                        ],
                        "url": {
                            "raw": "{{baseUrl}}/api/enrollments/my-courses",
                            "host": [
                                "{{baseUrl}}"
                            ],
                            "path": [
                                "api",
                                "enrollments",
                                "my-courses"
                            ]
                        }
                    },
                    "response": []
                },
                {
                    "name": "Get Course Progress",
                    "request": {
                        "method": "GET",
                        "header": [
                            {
                                "key": "Authorization",
                                "value": "Bearer {{studentToken}}"
                            }
                        ],
                        "url": {
                            "raw": "{{baseUrl}}/api/enrollments/{{courseId}}/progress",
                            "host": [
                                "{{baseUrl}}"
                            ],
                            "path": [
                                "api",
                                "enrollments",
                                "{{courseId}}",
                                "progress"
                            ]
                        }
                    },
                    "response": []
                },
                {
                    "name": "Update Lecture Progress",
                    "request": {
                        "method": "POST",
                        "header": [
                            {
                                "key": "Authorization",
                                "value": "Bearer {{studentToken}}"
                            },
                            {
                                "key": "Content-Type",
                                "value": "application/json"
                            }
                        ],
                        "body": {
                            "mode": "raw",
                            "raw": "{\n    \"courseId\": \"{{courseId}}\",\n    \"currentPosition\": 150,\n    \"videoDuration\": 300\n}"
                        },
                        "url": {
                            "raw": "{{baseUrl}}/api/enrollments/lectures/{{lectureId}}/progress",
                            "host": [
                                "{{baseUrl}}"
                            ],
                            "path": [
                                "api",
                                "enrollments",
                                "lectures",
                                "{{lectureId}}",
                                "progress"
                            ]
                        }
                    },
                    "response": []
                }
            ]
        },
        {
            "name": "Notifications",
            "item": [
                {
                    "name": "Get Notifications",
                    "request": {
                        "method": "GET",
                        "header": [
                            {
                                "key": "Authorization",
                                "value": "Bearer {{studentToken}}"
                            }
                        ],
                        "url": {
                            "raw": "{{baseUrl}}/api/notifications",
                            "host": [
                                "{{baseUrl}}"
                            ],
                            "path": [
                                "api",
                                "notifications"
                            ]
                        }
                    },
                    "response": []
                },
                {
                    "name": "Mark Notification as Read",
                    "request": {
                        "method": "PUT",
                        "header": [
                            {
                                "key": "Authorization",
                                "value": "Bearer {{studentToken}}"
                            }
                        ],
                        "url": {
                            "raw": "{{baseUrl}}/api/notifications/{{notificationId}}/read",
                            "host": [
                                "{{baseUrl}}"
                            ],
                            "path": [
                                "api",
                                "notifications",
                                "{{notificationId}}",
                                "read"
                            ]
                        }
                    },
                    "response": []
                },
                {
                    "name": "Mark All as Read",
                    "request": {
                        "method": "PATCH",
                        "header": [
                            {
                                "key": "Authorization",
                                "value": "Bearer {{studentToken}}"
                            },
                            {
                                "key": "Content-Type",
                                "value": "application/json"
                            }
                        ],
                        "body": {
                            "mode": "raw",
                            "raw": "{}"
                        },
                        "url": {
                            "raw": "{{baseUrl}}/api/notifications/read",
                            "host": [
                                "{{baseUrl}}"
                            ],
                            "path": [
                                "api",
                                "notifications",
                                "read"
                            ]
                        }
                    },
                    "response": []
                }
            ]
        },
        {
            "name": "Course File Uploads",
            "item": [
                {
                    "name": "Upload Thumbnail",
                    "request": {
                        "method": "POST",
                        "header": [],
                        "body": {
                            "mode": "formdata",
                            "formdata": [
                                {
                                    "key": "thumbnail",
                                    "type": "file",
                                    "src": []
                                }
                            ]
                        },
                        "url": {
                            "raw": "{{baseUrl}}/api/courses/upload/thumbnail",
                            "host": [
                                "{{baseUrl}}"
                            ],
                            "path": [
                                "api",
                                "courses",
                                "upload",
                                "thumbnail"
                            ]
                        }
                    },
                    "response": []
                },
                {
                    "name": "Upload Video",
                    "request": {
                        "method": "POST",
                        "header": [],
                        "body": {
                            "mode": "formdata",
                            "formdata": [
                                {
                                    "key": "video",
                                    "type": "file",
                                    "src": []
                                }
                            ]
                        },
                        "url": {
                            "raw": "{{baseUrl}}/api/courses/upload/video",
                            "host": [
                                "{{baseUrl}}"
                            ],
                            "path": [
                                "api",
                                "courses",
                                "upload",
                                "video"
                            ]
                        }
                    },
                    "response": []
                },
                {
                    "name": "Upload Material",
                    "request": {
                        "method": "POST",
                        "header": [],
                        "body": {
                            "mode": "formdata",
                            "formdata": [
                                {
                                    "key": "material",
                                    "type": "file",
                                    "src": []
                                }
                            ]
                        },
                        "url": {
                            "raw": "{{baseUrl}}/api/courses/upload/material",
                            "host": [
                                "{{baseUrl}}"
                            ],
                            "path": [
                                "api",
                                "courses",
                                "upload",
                                "material"
                            ]
                        }
                    },
                    "response": []
                }
            ]
        }
    ],
    "variable": [
        {
            "key": "baseUrl",
            "value": "http://localhost:3000",
            "type": "string"
        },
        {
            "key": "adminToken",
            "value": "",
            "type": "string"
        },
        {
            "key": "studentToken",
            "value": "",
            "type": "string"
        },
        {
            "key": "courseId",
            "value": "",
            "type": "string"
        },
        {
            "key": "lectureId",
            "value": "",
            "type": "string"
        },
        {
            "key": "categoryId",
            "value": "",
            "type": "string"
        },
        {
            "key": "userId",
            "value": "",
            "type": "string"
        }
    ]
}